PLOT,METHOD,PLOTNAME2,UCDavisObject_ID,LF,Riparian,Subsurface,DS,Dry,Depressional,wet_mesic,mesic,mesic_dry,dry,elev,hgm_class,AREA_ACRE,STATE,OWNERSHIP,EDGE_COMPL,DOM_ROCKTY,VEG_MAJORI,COKEY,Kf,ClayTot_r,MUKEY,SOIL_SURVE,COMP_NAME,CATCHMENT_,ELEV_MEAN,ELEV_RANGE,LAT_DD,LONG_DD,FLOW_RANGE,FLOW_SLOPE,ED_MIN_LAK,ED_MIN_FLO,ED_MIN_SEE,HGM_TYPE,ED_MIN_FSt,Shape_Leng,Shape_Area
ELD0101,rooted frequency,ELD0101 -ONION VALLEY,UCDSNM012349,40,NA,60,NA,NA,NA,30,70,NA,NA,2170,1,1.615009202,CA,Eldorado National Forest,1.288318983,granodiorite,Riparian,464853:642321,0.37,20,464853,SSURGO,AQUEPTS,149400,2170.31,5.77588,38.56506168,-120.1884221,654.853,0.00882012,1675.29,0,1099.86,Discharge slope peatland,437.379,369.2118298,6535.736505
ELD0102,rooted frequency,ELD0102 -WILLOW FLAT,UCDSNM012372,NA,100,NA,NA,NA,NA,NA,50,50,NA,2329,5,18.09413348,CA,Eldorado National Forest,2.568291993,granodiorite,Conifer,464853:642321,0.37,20,464853,SSURGO,AQUEPTS,1887300,2329.15,19.8884,38.5702733,-120.1550784,1823.09,0.010909195,2669.23,591.693,502.195,Dry,0,2463.644432,73224.65317
ELD0103,rooted frequency,ELD0103 -UPPER FOSTER,UCDSNM012479,NA,60,NA,40,NA,NA,30,60,10,NA,2054,5,32.24113562,CA,Eldorado National Forest,3.410910634,andesite,Riparian,464853:642321,0.37,20,464853,SSURGO,AQUEPTS,4404600,2054.85,41.9657,38.59147098,-120.2486738,3929.85,0.010678697,3712.14,0,860.93,Riparian low gradient,0,4367.573136,130475.7687
ELD0104,rooted frequency,ELD0104 -BARNEY MEADOW,UCDSNM012306,NA,NA,NA,100,NA,NA,80,NA,20,NA,1224,3,3.704709529,CA,Eldorado National Forest,1.394315324,andesite,Conifer,464857:642331,0.2,13,464857,SSURGO,PILLIKEN,265500,1224.98,20.4766,38.55064034,-120.4626866,1125.81,0.018188375,7639.61,138.924,5057.76,Discharge slope,70,605.2052522,14992.48752
ELD0105,rooted frequency,ELD0105 -CODY MEADOW,UCDSNM012992,NA,90,NA,10,NA,NA,40,50,10,NA,2331,5,62.17075886,CA,Eldorado National Forest,4.208119116,andesite,Conifer,464853:642321,0.37,20,464853,SSURGO,AQUEPTS,3776400,2331,84.4504,38.74500499,-120.1319686,3058.23,0.027614098,1240.36,0,4330.42,Subsurface middle gradient,0,7482.484406,251597.1412
ELD0106,rooted frequency,ELD0106 -GOVERNMENT MEADOW,UCDSNM012863,NA,NA,100,NA,NA,NA,20,80,NA,NA,1921,7,2.848624867,CA,Eldorado National Forest,1.812170274,granodiorite,Riparian,464853:642321,0.37,20,464853,SSURGO,AQUEPTS,1130400,1921.14,10.1357,38.70859849,-120.1500435,1898.53,0.005338715,4959.4,250.2,833.846,Subsurface low gradient,0,689.7335191,11528.02195
ELD0107,rooted frequency,ELD0107 -JAKE SCHNEIDER MDW,UCDSNM012847,NA,NA,20,NA,80,NA,NA,NA,20,80,1844,7,12.35735136,CA,Eldorado National Forest,2.669098412,andesite,Conifer,464853:642321,0.37,20,464853,SSURGO,AQUEPTS,244800,1844.05,13.5842,38.70296543,-120.168508,921.838,0.014736001,4587.95,0,1116.65,Dry,0,2115.884773,50008.62675
ELD0109,rooted frequency,ELD0109 -Shaw Flat,UCDSNM012729,NA,NA,NA,NA,NA,100,100,NA,NA,NA,2044,2,4.341858002,CA,Eldorado National Forest,1.39412071,granodiorite,Riparian,464969:642528,0.24,7,464969,SSURGO,XERUMBREPTS,294300,2044.76,8.49109,38.65343304,-120.1904033,1139.12,0.007454098,3119.65,100,2004.12,Depressional seasonal,10,655.0928517,17570.94622
ELD0110,rooted frequency,ELD0110 -Dufrene Meadow,UCDSNM012404,NA,100,NA,NA,NA,NA,10,70,20,NA,2073,5,17.53970554,CA,Eldorado National Forest,1.743735414,andesite,Conifer,464853:642321,0.37,20,464853,SSURGO,AQUEPTS,597600,2073.11,34.5168,38.57949694,-120.2347394,1389.41,0.024842757,2032.14,0,0,Subsurface low gradient,28.2843,1646.858907,70980.95392
INY0101,rooted frequency,INY0101 -COYOTE CREEK,UCDSNM005877,NA,40,NA,60,NA,NA,40,40,20,NA,2912,4,33.06456778,CA,Inyo National Forest,2.23496378,glacial drift,Riparian,471487:665552,0.24,2,471487,SSURGO,Aquic Haploxerolls,15480900,2911.63,36.3706,37.23991013,-118.4923819,7519.03,0.004837138,4340.88,0,10,Riparian middle gradient,0,2898.121679,133808.0937
INY0102,greenline,INY0102 -Coyote Cr West fork,UCDSNM005877,NA,40,NA,60,NA,NA,40,40,20,NA,2912,4,33.06456778,CA,Inyo National Forest,2.23496378,glacial drift,Riparian,471487:665552,0.24,2,471487,SSURGO,Aquic Haploxerolls,15480900,2911.63,36.3706,37.23991013,-118.4923819,7519.03,0.004837138,4340.88,0,10,Riparian middle gradient,0,2898.121679,133808.0937
INY0103,rooted frequency,INY0103 -SANGER,UCDSNM005630,NA,80,NA,10,NA,NA,10,60,30,NA,3018,5,421.3843217,CA,Inyo National Forest,2.475971857,glacial drift,Shrubland,471487:665552,0.24,2,471487,SSURGO,Aquic Haploxerolls,20187000,3018.25,43.948,37.19011694,-118.4570302,8896.02,0.004940186,3084.15,0,0,Riparian middle gradient,0,11461.71451,1705288.67
INY0104,rooted frequency,INY0104 -LOWER BAKER CREEK,UCDSNM005371,NA,95,NA,5,NA,NA,20,80,NA,NA,3055,5,13.45490136,CA,Inyo National Forest,2.334236823,glacial drift,Riparian,660549:952544,0.2,10,660549,STATSGO,Surprise,14398200,3055.97,73.2896,37.17044036,-118.4596621,9231.17,0.007939366,2030.66,0,140.357,Riparian low gradient,0,1930.856024,54450.2718
INY0105,rooted frequency,INY0105 -UPPER BAKER,UCDSNM005339,NA,NA,NA,NA,NA,100,NA,10,90,NA,1607,2,61.00831109,CA,Inyo National Forest,2.426674523,glacial drift,Riparian,471487:665552,0.24,2,471487,SSURGO,Aquic Haploxerolls,11653200,3136.71,58.4736,37.16536685,-118.4780208,7105.06,0.00822985,311.448,0,0,Riparian low gradient,0,4274.356364,246892.8631
INY0113,rooted frequency,INY0113 -Bakeoven Meadow,UCDSNM000426,NA,100,NA,0,NA,NA,10,50,40,NA,2405,5,4610.374392,CA,Inyo National Forest,9.642358115,alluvium,Conifer,660551:952564,0.24,6.5,660551,STATSGO,Nupart,379343700,2405.08,160.137,36.18738566,-118.1697061,52333.8,0.003059913,15562,0,660.681,Riparian low gradient,0,147644.0848,18657597.85
INY0114,rooted frequency,INY0114 -Upper Monache Meadow,UCDSNM000426,NA,90,NA,10,NA,NA,10,50,40,NA,2405,5,4610.374392,CA,Inyo National Forest,9.642358115,alluvium,Conifer,660551:952564,0.24,6.5,660551,STATSGO,Nupart,379343700,2405.08,160.137,36.18738566,-118.1697061,52333.8,0.003059913,15562,0,660.681,Riparian low gradient,0,147644.0848,18657597.85
INY0115,rooted frequency,INY0115 -Lower Monache Meadow,UCDSNM000426,NA,80,NA,10,10,NA,10,80,10,NA,2405,5,4610.374392,CA,Inyo National Forest,9.642358115,alluvium,Conifer,660551:952564,0.24,6.5,660551,STATSGO,Nupart,379343700,2405.08,160.137,36.18738566,-118.1697061,52333.8,0.003059913,15562,0,660.681,Riparian low gradient,0,147644.0848,18657597.85
INY0116,rooted frequency,INY0116 -Kingfisher Stringer Meadow,UCDSNM000398,NA,90,NA,10,NA,NA,80,20,NA,NA,2488,5,24.02333636,CA,Inyo National Forest,3.033037736,granodiorite,Riparian,660551:952564,0.24,6.5,660551,STATSGO,Nupart,5966100,2488.46,27.9346,36.22630281,-118.2152016,4320.73,0.006465244,18975.3,0,8144.41,Riparian middle gradient,0,3352.425734,97219.3819
INY0117,greenline,INY0117 -Long Canyon Greenline,UCDSNM000437,NA,90,NA,10,NA,NA,10,80,10,NA,2682,5,173.6973404,CA,Inyo National Forest,5.386128288,granodiorite,Conifer,660515:952163,0.2,2.5,660515,STATSGO,Toem,10429200,2682.16,295.927,36.24103063,-118.2403965,7154.77,0.041360798,15585.9,0,9366.17,Subsurface high gradient,0,16008.03324,702931.0091
INY0118,rooted frequency,INY0118 -Casa Vieja Outside Fence,UCDSNM000365,NA,40,NA,60,NA,NA,40,50,10,NA,2562,4,192.3636436,CA,Inyo National Forest,3.276263644,granodiorite,Conifer,660515:952163,0.2,2.5,660515,STATSGO,Toem,10656000,2562,87.2976,36.20048618,-118.2653997,4448.01,0.019626206,16133.1,0,11494.7,Riparian middle gradient,0,10247.19611,778471.1604
INY0119,rooted frequency,INY0119 -Casa Vieja Inside Fence,UCDSNM000365,NA,40,NA,60,NA,NA,40,50,10,NA,2562,4,192.3636436,CA,Inyo National Forest,3.276263644,granodiorite,Conifer,660515:952163,0.2,2.5,660515,STATSGO,Toem,10656000,2562,87.2976,36.20048618,-118.2653997,4448.01,0.019626206,16133.1,0,11494.7,Riparian middle gradient,0,10247.19611,778471.1604
INY0120,rooted frequency,INY0120 -Upper Casa Vieja,UCDSNM000365,NA,40,NA,60,NA,NA,40,50,10,NA,2562,4,192.3636436,CA,Inyo National Forest,3.276263644,granodiorite,Conifer,660515:952163,0.2,2.5,660515,STATSGO,Toem,10656000,2562,87.2976,36.20048618,-118.2653997,4448.01,0.019626206,16133.1,0,11494.7,Riparian middle gradient,0,10247.19611,778471.1604
INY0121,rooted frequency,INY0121 -Redrock Meadow,UCDSNM000463,NA,10,NA,90,NA,NA,80,20,NA,NA,2677,4,53.72239599,CA,Inyo National Forest,3.887697227,granodiorite,Riparian,660515:952163,0.2,2.5,660515,STATSGO,Toem,8507700,2677.56,203.793,36.27191217,-118.2698852,5394.7,0.037776507,11876.7,0,12308.2,Subsurface high gradient,0,6425.912811,217407.6929
INY0122,rooted frequency,INY0122 -Beer Keg Meadow,UCDSNM000437,NA,50,NA,50,NA,NA,70,30,NA,NA,2682,4,173.6973404,CA,Inyo National Forest,5.386128288,granodiorite,Conifer,660515:952163,0.2,2.5,660515,STATSGO,Toem,10429200,2682.16,295.927,36.24103063,-118.2403965,7154.77,0.041360798,15585.9,0,9366.17,Subsurface high gradient,0,16008.03324,702931.0091
INY0130,rooted frequency,INY0130 -POISON,UCDSNM001115,NA,70,NA,30,NA,NA,30,70,NA,NA,3044,5,694.3612143,CA,Inyo National Forest,4.043388338,granodiorite,Conifer,466849:645846,0.24,5.5,466849,SSURGO,Typic Cryorthents,17609400,3044.22,359.387,36.44410162,-118.1824506,8284.48,0.043380776,2375.39,0,0,Riparian middle gradient,0,24027.18495,2809991.379
INY0131,rooted frequency,INY0131 -ROUND,UCDSNM001115,NA,50,NA,50,NA,NA,30,70,NA,NA,3044,4,694.3612143,CA,Inyo National Forest,4.043388338,granodiorite,Conifer,466849:645846,0.24,5.5,466849,SSURGO,Typic Cryorthents,17609400,3044.22,359.387,36.44410162,-118.1824506,8284.48,0.043380776,2375.39,0,0,Riparian middle gradient,0,24027.18495,2809991.379
INY0132,rooted frequency,INY0132 -ADMIN SITE,UCDSNM001115,NA,40,NA,60,NA,NA,50,50,NA,NA,3044,4,694.3612143,CA,Inyo National Forest,4.043388338,granodiorite,Conifer,466849:645846,0.24,5.5,466849,SSURGO,Typic Cryorthents,17609400,3044.22,359.387,36.44410162,-118.1824506,8284.48,0.043380776,2375.39,0,0,Riparian middle gradient,0,24027.18495,2809991.379
INY0135,rooted frequency,INY0135 -OVERHOLSTER MEADOW,UCDSNM000795,NA,90,NA,10,NA,NA,20,80,NA,NA,2778,5,84.05895686,CA,Inyo National Forest,3.846961163,granodiorite,Riparian,660513:952141,0.17,2.5,660513,STATSGO,Toem,35764200,2778.11,65.4585,36.37522601,-118.2083782,12986.7,0.005040426,8227.96,0,5743.14,Riparian low gradient,784.092,7953.796627,340175.8901
INY0136,rooted frequency,INY0136 -MULKEY EXCLOSURE SOUTH,UCDSNM000971,NA,60,NA,40,NA,NA,20,60,20,NA,2861,4,708.3204189,CA,Inyo National Forest,6.960626225,granodiorite,Conifer,660515:952163,0.2,2.5,660515,STATSGO,Toem,31772700,2861.6,108.539,36.40531044,-118.1920314,10074.2,0.010773968,5242.63,0,869.77,Riparian low gradient,0,41776.10012,2866482.502
INY0137,rooted frequency,INY0137 -MULKEY SOUTH,UCDSNM000195,NA,70,NA,30,NA,NA,20,60,NA,NA,2861,5,9.496167411,CA,Sequoia National Forest,1.341975093,granodiorite,Conifer,465186:642950,0.15,2.5,465186,SSURGO,Toem,297900,2652.88,56.7261,36.0597107,-118.3928682,713.97,0.079451702,27286.9,1257.82,8189.81,NA,1209.34,932.5740461,38429.77979
INY0138,rooted frequency,INY0138 -BEAR MEADOW,UCDSNM000922,NA,20,NA,80,NA,NA,60,40,NA,NA,2932,4,35.28724704,CA,Inyo National Forest,2.343812949,granodiorite,Conifer,660513:952141,0.17,2.5,660513,STATSGO,Toem,1662300,2932.13,74.2476,36.40097433,-118.1674341,2205.81,0.033660062,7726.58,392.938,2757.46,Riparian middle gradient,368.917,3139.760915,142802.9935
INY0139,rooted frequency,INY0139 -MULKEY CENTRAL,UCDSNM000971,NA,60,NA,40,NA,NA,40,60,NA,NA,2932,4,708.3204189,CA,Inyo National Forest,6.960626225,granodiorite,Conifer,660515:952163,0.2,2.5,660515,STATSGO,Toem,31772700,2861.6,108.539,36.40531044,-118.1920314,10074.2,0.010773968,5242.63,0,869.77,Riparian low gradient,0,41776.10012,2866482.502
INY0140,rooted frequency,INY0140 -DIAZ CREEK,UCDSNM000996,NA,40,NA,60,NA,NA,70,30,NA,NA,2934,4,94.11051841,CA,Inyo National Forest,3.10521695,granodiorite,Conifer,466858:645865,0.24,5.5,466858,SSURGO,Typic Cryorthents,8726400,2934.53,44.1475,36.41691672,-118.1358501,6105.29,0.007231025,8175.92,0,128.062,Riparian middle gradient,78.1025,6793.220646,380853.2792
INY0141,greenline,INY0141 -Diaz Creek,UCDSNM000996,NA,40,NA,60,NA,NA,70,30,NA,NA,2934,4,94.11051841,CA,Inyo National Forest,3.10521695,granodiorite,Conifer,466858:645865,0.24,5.5,466858,SSURGO,Typic Cryorthents,8726400,2934.53,44.1475,36.41691672,-118.1358501,6105.29,0.007231025,8175.92,0,128.062,Riparian middle gradient,78.1025,6793.220646,380853.2792
INY0142,rooted frequency,INY0142 -ASH MEADOW,UCDSNM000878,NA,40,NA,60,NA,NA,80,20,NA,NA,3059,4,209.3013291,CA,Inyo National Forest,3.378710384,granodiorite,Conifer,466858:645865,0.24,5.5,466858,SSURGO,Typic Cryorthents,7812900,3059.42,147.61,36.39074948,-118.1466806,3904.63,0.037803828,8945.24,0,2090.1,Riparian low gradient,120.416,11023.04727,847015.8159
LAS0101,rooted frequency,LAS0101 -Papoose,UCDSNM016210,NA,30,NA,70,NA,NA,70,30,NA,NA,1625,4,296.5339347,CA,Lassen National Forest,1.926891276,andesite,Riparian,487776:695748,0.28,5,487776,SSURGO,Xerolls,17015400,1625.3,14.705,40.52688366,-120.7605319,7679.85,0.001914752,1760.45,0,0,Riparian low gradient,0,7482.713299,1200035.058
LAS0102,rooted frequency,LAS0102 -Big Jacks,UCDSNM016577,100,NA,NA,NA,NA,NA,NA,100,NA,NA,1640,1,48.66976537,CA,Lassen National Forest,2.648980558,andesite,Shrubland,470977:660084,0.2,20,470977,SSURGO,Aquolls,29020500,1640.25,25.7404,40.79433567,-120.9870818,11648.2,0.00220981,272.947,0,6464.32,Depressional perennial,0,4167.475675,196960.3404
LAS0103,rooted frequency,LAS0103 -Upper Long Valley,UCDSNM016565,NA,NA,NA,NA,NA,100,80,30,NA,NA,1634,2,14.27490935,CA,Lassen National Forest,1.392935301,andesite,Riparian,470977:660084,0.2,20,470977,SSURGO,Aquolls,1146600,1634.95,2.8988,40.78813601,-121.046434,1943.97,0.001491175,888.369,1531.7,8175.73,Depressional perennial,10,1186.813038,57768.73967
LAS0104,rooted frequency,LAS0104 -Lower Long Valley,UCDSNM016589,NA,NA,NA,NA,NA,100,30,30,40,NA,1628,2,148.1052975,CA,Lassen National Forest,2.038388686,andesite,Shrubland,470977:660084,0.2,20,470977,SSURGO,Aquolls,25932600,1628.58,7.67737,40.79765617,-121.0597046,11711.8,0.000655526,0,598.164,8969.75,Depressional perennial,0,5594.187188,599363.2719
LAS0105,rooted frequency,LAS0105 -Straylor,UCDSNM016612,NA,NA,NA,NA,NA,100,30,30,40,NA,1607,2,250.8875993,CA,Lassen National Forest,4.363217677,andesite,Shrubland,470977:660084,0.2,20,470977,SSURGO,Aquolls,43590600,1607.15,24.9879,40.81258527,-121.0890826,15248.3,0.001638739,0,0,5637.2,Depressional perennial,0,15585.15658,1015310.154
LAS0106,rooted frequency,LAS0106 -Negro Spring,UCDSNM016622,NA,NA,100,NA,NA,NA,10,90,NA,NA,1567,7,5.212333677,CA,Lassen National Forest,1.632638502,andesite,Riparian,470978:660088,0.37,20,470978,SSURGO,Bobbitt,2652300,1567.43,5.27856,40.8290498,-121.3107763,2256.4,0.002339377,7235.76,0,221.359,Subsurface high gradient,94.8683,840.5640646,21093.65039
LAS0107,rooted frequency,LAS0107 -Bootleg Res.,UCDSNM016513,NA,100,NA,NA,NA,NA,NA,100,NA,NA,1694,5,2.442290026,CA,Lassen National Forest,1.459459126,andesite,Riparian,471023:660187,0.37,16,471023,SSURGO,Klicker,44100,1694.7,5.87781,40.75457707,-121.3072073,1289.12,0.004559563,3324.12,0,2478.14,NA,28.2843,514.3457674,9883.636613
LAS0108,rooted frequency,LAS0108 -Beaver Creek,UCDSNM016618,NA,100,NA,NA,NA,NA,10,80,10,NA,1541,5,27.89218379,CA,Lassen National Forest,2.044195142,andesite,Conifer,470977:660084,0.2,20,470977,SSURGO,Aquolls,10566900,1541.3,13.2056,40.82496365,-121.2390734,7415.36,0.001780844,8099.05,0,5556.3,Riparian low gradient,0,2434.603712,112876.1146
LAS0109,rooted frequency,LAS0109 -Gibbs Spring,UCDSNM016627,NA,100,NA,NA,NA,NA,NA,NA,100,NA,1561,5,9.46060584,CA,Lassen National Forest,1.447581641,andesite,Shrubland,470993:660124,0.32,15,470993,SSURGO,Durixerolls,327600,1561.27,5.99158,40.84117987,-121.2312226,1181.54,0.005070979,7378.36,1564.16,4062.73,Subsurface low gradient,0,1004.077488,38285.86665
LAS0110,rooted frequency,LAS0110 -Blacks Gulch,UCDSNM016619,NA,100,NA,NA,NA,NA,NA,100,NA,NA,1678,5,3.135757679,CA,Lassen National Forest,1.98618896,andesite,Riparian,470977:660084,0.2,20,470977,SSURGO,Aquolls,137700,1678.43,3.73865,40.8264567,-121.1775678,1199.12,0.003117836,3109.34,10,715.891,Subsurface low gradient,0,793.1523169,12690.01186
LAS0111,rooted frequency,LAS0111 -Morgan Springs,UCDSNM015794,NA,NA,NA,100,NA,NA,50,50,NA,NA,1500,3,2.887571273,CA,Lassen National Forest,1.317770877,andesite,Riparian,460697:629105,0.43,23.5,460697,SSURGO,Chummy,113400,1498.95,1.23267,40.3689595,-121.4981758,968.528,0.001272725,4400,107.703,312.41,Riparian low gradient,10,504.9761842,11685.63309
LAS0112,rooted frequency,LAS0112 -Wilson Lake,UCDSNM015748,NA,NA,100,NA,NA,NA,NA,100,NA,NA,1610,7,2.070966251,CA,Lassen National Forest,1.492056379,andesite,Conifer,460966:630004,0.2,10,460966,SSURGO,Windy,369900,1610.24,8.11694,40.34503192,-121.4320135,499.705,0.016243447,141.421,547.083,1918.02,Lacustrine fringe,10,484.2129074,8380.936596
LAS0113,rooted frequency,LAS0113 -Pasture 172,UCDSNM015782,NA,20,NA,80,NA,NA,50,50,NA,NA,1463,4,63.15331094,CA,Lassen National Forest,3.464479653,andesite,Conifer,460697:629105,0.43,23.5,460697,SSURGO,Chummy,319500,1463.08,33.3369,40.35783215,-121.5131098,1665.81,0.020012462,4879.36,50,222.036,Riparian low gradient,0,6208.701481,255573.4043
LAS0114,rooted frequency,LAS0114 -Rice Creek Meadow,UCDSNM015786,NA,NA,100,NA,NA,NA,NA,100,NA,NA,1654,7,67.94266073,CA,Private,2.376771304,andesite,Riparian,470976:660083,0.2,20,470976,SSURGO,Aquolls,12359700,1654.27,7.87903,40.35816685,-121.457304,9107.79,0.000865087,1999.85,0,1530.62,Riparian low gradient,0,4417.976015,274955.2928
LAS0116,rooted frequency,LAS0116 -SPENCER,UCDSNM015880,NA,10,NA,90,NA,NA,80,20,NA,NA,2023,4,37.89885467,CA,Lassen National Forest,2.260770115,andesite,Riparian,2434423:1774090,0.32,32.6,2434423,SSURGO,Vitrandic Cryofluvents,1657800,2023.21,33.5985,40.42032651,-121.4812865,2722.2,0.012342389,1831.42,0,2409.02,Riparian low gradient,0,3138.586718,153371.8369
LAS0117,rooted frequency,LAS0117 -CHILDS MEADOW,UCDSNM015788,NA,NA,NA,100,NA,NA,90,10,NA,NA,1500,3,47.48782227,CA,Private,2.256247526,andesite,Riparian,460697:629105,0.43,23.5,460697,SSURGO,Chummy,2664000,1500.49,26.2727,40.36395876,-121.4961977,3379.19,0.007774851,4573.16,0,582.151,Subsurface low gradient,0,3506.247398,192177.1672
LAS0118,rooted frequency,LAS0118 -Busters Reservoir,UCDSNM016603,NA,100,NA,NA,NA,NA,NA,90,10,NA,1741,5,3.224297682,CA,Lassen National Forest,2.013249312,andesite,Conifer,470977:660084,0.2,20,470977,SSURGO,Aquolls,22199400,1741.08,3.46777,40.81229248,-121.1563189,9559.92,0.000362741,1339.33,170,1435.58,Riparian low gradient,20,815.2293396,13048.32198
LAS0119,rooted frequency,LAS0119 -Bear Valle Res.,UCDSNM016562,100,NA,NA,NA,NA,NA,NA,50,50,NA,1796,1,119.2974811,CA,Private,4.283230014,andesite,Conifer,470977:660084,0.2,20,470977,SSURGO,Aquolls,3565800,1796.03,10.2643,40.77553261,-121.1186317,3370.66,0.003045189,0,158.114,4830.37,Depressional perennial,0,10549.98257,482781.7087
LTB0101,rooted frequency,LTB0101 -GRASS LAKE CREEK S FORK,UCDSNM013188,NA,80,NA,20,NA,NA,NA,90,10,NA,2146,5,20.26053997,CA,Lake Tahoe Basin Management Unit,1.440451634,granodiorite,Conifer,1652104:1207250,0.37,13,1652104,SSURGO,Tahoe,11656800,2146.21,13.2151,38.79092704,-120.007813,7218.3,0.001830777,2192.76,2908.69,4540.1,Riparian low gradient,0,1462.139753,81991.82428
LTB0102,rooted frequency,LTB0102 -UPPER ANTONE,UCDSNM012985,NA,NA,30,70,NA,NA,NA,90,10,NA,3141,6,5.910841364,CA,Lake Tahoe Basin Management Unit,2.241062945,andesite,Conifer,1652039:719430,0.24,14,1652039,SSURGO,Florand,1229400,2659.28,51.429,38.74825168,-119.9900315,1406.98,0.036552628,1091.79,5052.02,904.268,Dry,1060.99,1228.692993,23920.42202
LTB0103,rooted frequency,LTB0103 -ANTONE,UCDSNM013064,NA,NA,20,80,NA,NA,NA,90,10,NA,2886,6,30.095128,CA,Lake Tahoe Basin Management Unit,3.631461497,andesite,Conifer,1652103:1225058,0.32,10,1652103,SSURGO,Bidart,2356200,2506.39,100.727,38.76029209,-119.9930418,2849.12,0.03535376,939.149,5132.07,1283.63,Subsurface middle gradient,440.114,4492.563632,121791.1492
LTB0104,rooted frequency,LTB0104 -TALAC CREEK,UCDSNM013922,NA,NA,NA,NA,NA,100,80,20,NA,NA,2299,2,182.9567647,CA,Lake Tahoe Basin Management Unit,3.87021504,alluvium,Riparian,1652108:659350,0.15,5,1652108,SSURGO,Watah,47454300,1898.67,15.3989,38.93916988,-120.0654798,18802.6,0.000818975,10,6575.96,1739.25,Subsurface low gradient,0,11805.2185,740402.7197
MOD0101,greenline,MOD0101 -Ash Creek,UCDSNM016737,NA,90,NA,10,NA,NA,NA,80,20,NA,1798,5,19.4474911,CA,Modoc National Forest,3.33344035,andesite,Riparian,1612592:1461647,0.32,12.5,1612592,SSURGO,Pyropatti,3563100,2365.53,53.5166,41.14503294,-120.153163,3985.59,0.013427533,975.807,0,2149.72,Riparian middle gradient,0,3315.04332,78701.51907
MOD0102,greenline,MOD0102 -Ash Creek,UCDSNM016746,NA,100,NA,NA,NA,NA,NA,NA,100,NA,1687,5,21.33639694,CA,Modoc National Forest,2.829451754,andesite,Conifer,470431:664334,0.37,20,470431,SSURGO,Anatone family,9929700,1969.02,62.9667,41.15836088,-120.2626396,5424.7,0.011607403,1774.6,0,1767.09,Riparian middle gradient,0,2947.321737,86345.68035
MOD0103,cross section,MOD0103 -Cottonwood Spring,UCDSNM016769,NA,NA,NA,90,10,NA,NA,90,10,NA,1839,3,17.80510908,CA,Private,1.778667634,andesite,Conifer,486890:694739,0.37,37.5,486890,SSURGO,DOSA,5675400,1249.59,4.62134,41.16426311,-121.6651849,4035.29,0.00114523,10230.7,0,3984.7,NA,36.0555,1692.512251,72055.00825
MOD0104,rooted frequency,MOD0104 -SWAGGER FLAT,UCDSNM016813,NA,40,NA,60,NA,NA,NA,50,50,NA,1867,4,4.697354032,CA,Private,1.493292606,alluvium,Riparian,487128:694974,0.24,12.5,487128,SSURGO,Odas,166500,921.177,4.32257,41.22011195,-122.1315062,679.706,0.006359474,2220,425.793,679.559,NA,50,729.8544629,19009.59337
MOD0105,cross section,MOD0105 -Wild Horser Creek,UCDSNM017038,NA,100,NA,NA,NA,NA,NA,100,NA,NA,1601,5,289.1389537,CA,Private,2.906920794,andesite,Shrubland,470422:664318,0.37,50,470422,SSURGO,Aikman family,109803600,1431.89,9.11975,41.96276604,-121.0166563,28675.8,0.000318029,0,0,1092.25,NA,28.2843,11146.82563,1170108.512
MOD0108,cross section,MOD0108 -Boles Creek,UCDSNM016987,NA,NA,NA,NA,NA,100,NA,50,50,NA,1417,2,59.92779119,CA,Modoc National Forest,4.720023381,andesite,Riparian,470455:664395,0.37,50,470455,SSURGO,Cardon family,172560600,1383.73,13.2745,41.79950979,-121.0610465,39611.7,0.000335115,201.246,0,13354.2,Riparian low gradient,10,8239.919693,242520.1367
MOD0109,greenline,MOD0109 -Mowitz Creek,UCDSNM016974,NA,100,NA,NA,NA,NA,NA,70,30,NA,1380,5,19.35751128,CA,Modoc National Forest,1.583538128,andesite,Riparian,470587:664721,0.43,32,470587,SSURGO,Aquolls,1308600,1770.62,21.2596,41.78506665,-120.2503298,1591.25,0.013360323,5032.54,0,0,NA,0,1571.151072,78337.38219
MOD0111,greenline,MOD0111 -Lost River,UCDSNM017014,NA,100,NA,NA,NA,NA,NA,30,70,NA,1362,5,1.928303067,CA,Modoc National Forest,1.765570392,andesite,Riparian,470520:664553,0.37,20,470520,SSURGO,Lawyer family,23488200,1545.09,0.868896,41.88926823,-120.7351967,15228,5.71E-05,2374.97,0,912.195,NA,10,552.8884288,7803.596865
PLU0101,rooted frequency,PLU0101 -Little Schneider meadow,UCDSNM015319,NA,100,NA,NA,NA,NA,50,50,NA,NA,1153,5,14.61043927,CA,Plumas National Forest,1.902301289,peridotite,Conifer,660653:954128,0.24,15,660653,STATSGO,Hollowtree,4741200,1148.25,14.0074,39.92234743,-121.0455789,5412.28,0.00258808,5734.46,0,4044.56,Riparian low gradient,44.7214,1639.742385,59126.58649
PLU0102,greenline,PLU0102 -Little Schneider Creek,UCDSNM015319,NA,100,NA,NA,NA,NA,50,50,NA,NA,1153,5,14.61043927,CA,Plumas National Forest,1.902301289,peridotite,Conifer,660653:954128,0.24,15,660653,STATSGO,Hollowtree,4741200,1148.25,14.0074,39.92234743,-121.0455789,5412.28,0.00258808,5734.46,0,4044.56,Riparian low gradient,44.7214,1639.742385,59126.58649
PLU0103,rooted frequency,PLU0103 -Stony Creek meadow,UCDSNM015480,NA,100,NA,NA,NA,NA,NA,50,50,NA,1721,5,24.22569407,CA,Plumas National Forest,2.659626244,granodiorite,Conifer,471269:666503,0.32,25,471269,SSURGO,Shepan family,8726400,1724.12,30.5488,40.11149315,-120.3917238,4798.6,0.00636619,3224.44,0,2684.96,Riparian middle gradient,0,2952.048056,98038.29778
PLU0104,greenline,PLU0104 -Cottonwood Creek,UCDSNM015545,NA,100,NA,NA,NA,NA,20,60,20,NA,1740,5,19.27052353,CA,Plumas National Forest,1.409391707,andesite,Conifer,471192:666181,0.28,5,471192,SSURGO,Goodlow family,167400,1738.67,9.16589,40.1487558,-120.4606531,948.823,0.009660279,4198.87,0,0,Riparian low gradient,107.703,1395.221467,77985.35385
PLU0105,rooted frequency,PLU0105 -Cottonwood Creek meadow,UCDSNM015545,NA,100,NA,NA,NA,NA,20,60,20,NA,1740,5,19.27052353,CA,Plumas National Forest,1.409391707,andesite,Conifer,471192:666181,0.28,5,471192,SSURGO,Goodlow family,167400,1738.67,9.16589,40.1487558,-120.4606531,948.823,0.009660279,4198.87,0,0,Riparian low gradient,107.703,1395.221467,77985.35385
PLU0106,rooted frequency,PLU0106 -Poison Creek meadow,UCDSNM015446,NA,NA,NA,NA,100,NA,NA,NA,100,NA,1710,8,9.081091228,CA,Private,2.31379893,granodiorite,Riparian,471118:665857,0.24,3,471118,SSURGO,Cagwin family,3364200,1698.94,12.576,40.09378167,-120.5247215,3818.9,0.003293098,9640.13,0,1192.69,Riparian low gradient,63.2456,1572.386535,36750.01936
PLU0107,greenline,PLU0107 -Poison Creek,UCDSNM015446,NA,NA,NA,NA,100,NA,NA,NA,100,NA,1710,8,9.081091228,CA,Private,2.31379893,granodiorite,Riparian,471118:665857,0.24,3,471118,SSURGO,Cagwin family,3364200,1698.94,12.576,40.09378167,-120.5247215,3818.9,0.003293098,9640.13,0,1192.69,Riparian low gradient,63.2456,1572.386535,36750.01936
PLU0108,greenline,PLU0108 -Willow Creek,UCDSNM015421,NA,100,NA,NA,NA,NA,NA,80,20,NA,1745,5,5.688667158,CA,Private,1.858826045,andesite,Conifer,471192:666181,0.28,5,471192,SSURGO,Goodlow family,168300,1739.71,4.17773,40.07646492,-120.3714527,11266,0.000370825,7670,0,1683.45,Riparian middle gradient,31.6228,999.7897991,23021.31131
PLU0109,rooted frequency,PLU0109 -Willow Creek meadow,UCDSNM015421,NA,100,NA,NA,NA,NA,NA,80,20,NA,1741,5,5.688667158,CA,Private,1.858826045,andesite,Conifer,471192:666181,0.28,5,471192,SSURGO,Goodlow family,168300,1739.71,4.17773,40.07646492,-120.3714527,11266,0.000370825,7670,0,1683.45,Riparian middle gradient,31.6228,999.7897991,23021.31131
PLU0110,greenline,PLU0110 -Willow Creek II,UCDSNM015480,NA,100,NA,NA,NA,NA,NA,NA,100,NA,1719,5,24.22569407,CA,Plumas National Forest,2.659626244,granodiorite,Conifer,471269:666503,0.32,25,471269,SSURGO,Shepan family,8726400,1724.12,30.5488,40.11149315,-120.3917238,4798.6,0.00636619,3224.44,0,2684.96,Riparian middle gradient,0,2952.048056,98038.29778
SEQ0101,rooted frequency,SEQ0101 -PALOMA,UCDSNM000155,NA,100,NA,NA,NA,NA,NA,90,10,NA,2553,5,10.9553595,CA,Sequoia National Forest,1.600961656,granodiorite,Riparian,465178:642932,0.37,13,465178,SSURGO,Monache variant,2133900,2554.61,17.1594,36.0206926,-118.3210123,1913.09,0.008969487,32385.8,1110.86,3971.9,Subsurface low gradient,20,1194.97541,44334.94428
SEQ0102,rooted frequency,SEQ0102 -BONITA,UCDSNM000170,NA,100,NA,NA,NA,NA,NA,100,NA,NA,2537,5,42.7080087,CA,Sequoia National Forest,2.331832737,granodiorite,Conifer,465178:642932,0.37,13,465178,SSURGO,Monache variant,4996800,2537.74,54.884,36.03795974,-118.3321019,3127.65,0.017548022,30004.7,82.4621,4981.38,Riparian low gradient,0,3436.503511,172833.8706
SEQ0103,rooted frequency,SEQ0103 -CURLISS,UCDSNM000157,NA,NA,NA,100,NA,NA,50,50,NA,NA,2582,3,13.22773534,CA,Sequoia National Forest,3.18947212,granodiorite,Conifer,465215:643020,0.24,3,465215,SSURGO,Cagwin,1673100,2574.47,48.1526,36.01986671,-118.3369891,1700.95,0.028309172,31912.7,0,3264.38,Subsurface high gradient,0,2615.930815,53530.95983
SEQ0104,rooted frequency,SEQ0104 -trout creek,UCDSNM000152,NA,100,NA,NA,NA,NA,NA,100,NA,NA,2564,5,7.065508655,CA,Sequoia National Forest,1.984164078,granodiorite,Riparian,465215:643020,0.24,3,465215,SSURGO,Cagwin,3065400,2560.75,21.0044,36.01858027,-118.3609774,2330.07,0.009014489,31431.8,0,2883.68,Subsurface middle gradient,0,1189.361629,28593.21345
SEQ0105,greenline,SEQ0105 -Trout Creek,UCDSNM000152,NA,100,NA,NA,NA,NA,NA,100,NA,NA,2564,5,7.065508655,CA,Sequoia National Forest,1.984164078,granodiorite,Riparian,465215:643020,0.24,3,465215,SSURGO,Cagwin,3065400,2560.75,21.0044,36.01858027,-118.3609774,2330.07,0.009014489,31431.8,0,2883.68,Subsurface middle gradient,0,1189.361629,28593.21345
SEQ0106,greenline,SEQ0106 -Fish Creek,UCDSNM000218,NA,100,NA,NA,NA,NA,NA,100,NA,NA,2361,5,218.9215046,CA,Sequoia National Forest,3.365087807,granodiorite,Conifer,465178:642932,0.37,13,465178,SSURGO,Monache variant,61281900,2360.51,50.3765,36.077447,-118.2440578,15565.8,0.003236354,26820.1,0,8177.27,Riparian middle gradient,0,11228.0753,885947.4405
SEQ0107,rooted frequency,SEQ0107 -OSA,UCDSNM000334,NA,50,NA,50,NA,NA,10,90,NA,NA,2603,4,60.64133173,CA,Sequoia National Forest,2.525157408,granodiorite,Conifer,465178:642932,0.37,13,465178,SSURGO,Monache variant,6584400,2589.3,35.9617,36.18086038,-118.3072549,3791.91,0.009483793,16127.9,130.384,15875.4,Subsurface middle gradient,0,4434.427233,245407.7444
SEQ0108,rooted frequency,SEQ0108 -COOPERSMITH,UCDSNM000297,NA,50,NA,50,NA,NA,60,40,NA,NA,2608,4,9.895153594,CA,Sequoia National Forest,1.950533472,granodiorite,Conifer,465211:643008,0.28,10,465211,SSURGO,Cannell,1307700,2594.45,18.4895,36.16324564,-118.2986395,1630.66,0.01133866,18348.1,22.3607,15707.1,Subsurface middle gradient,0,1383.659836,40044.42605
SEQ0109,rooted frequency,SEQ0109 -GRANITE KNOB,UCDSNM000281,NA,80,NA,20,NA,NA,NA,80,20,NA,2608,5,80.87698135,CA,Sequoia National Forest,1.955901854,granodiorite,Riparian,465178:642932,0.37,13,465178,SSURGO,Monache variant,4706100,2516.93,41.0728,36.14888772,-118.23328,3251.91,0.012630362,22689.7,0,10326.6,Subsurface low gradient,0,3966.652903,327298.8406
SEQ0110,rooted frequency,SEQ0110 -POWELL,UCDSNM000285,NA,50,NA,50,NA,NA,NA,100,NA,NA,2496,4,74.13562321,CA,Sequoia National Forest,1.78378016,granodiorite,Conifer,465215:643020,0.24,3,465215,SSURGO,Cagwin,6903900,2489.89,45.7466,36.15404893,-118.2485026,4931.03,0.009277297,21437.1,0,11482.7,Subsurface low gradient,0,3463.534321,300017.423
SEQ0111,rooted frequency,SEQ0111 -LITTLE TROY,UCDSNM000197,NA,90,NA,10,NA,NA,NA,100,NA,NA,2348,5,34.78571546,CA,Sequoia National Forest,2.346725817,granodiorite,Conifer,465213:643014,0.17,2.5,465213,SSURGO,Toem,6398100,2358.69,33.3572,36.05878473,-118.2368301,5364.7,0.006217904,30947,0,7349.91,Subsurface low gradient,0,3121.242709,140773.3591
SEQ0112,rooted frequency,SEQ0112 -TROUT CREEK,UCDSNM000200,NA,100,NA,NA,NA,NA,NA,100,NA,NA,2247,5,46.73156412,CA,Sequoia National Forest,1.764394925,granodiorite,Conifer,465179:642934,0.37,13,465179,SSURGO,Monache variant,80569800,2261.27,36.4719,36.0622929,-118.2188419,17743.8,0.002055479,31458,0,8212.44,Riparian middle gradient,0,2719.979656,189116.6869
SEQ0114,rooted frequency,SEQ0114 -Beck Meadow,UCDSNM000426,NA,100,NA,NA,NA,NA,NA,50,50,NA,2392,5,4610.374392,CA,Inyo National Forest,9.642358115,alluvium,Conifer,660551:952564,0.24,6.5,660551,STATSGO,Nupart,379343700,2405.08,160.137,36.18738566,-118.1697061,52333.8,0.003059913,15562,0,660.681,Riparian low gradient,0,147644.0848,18657597.85
SEQ0115,rooted frequency,SEQ0115 -Snake Creek Meadow,UCDSNM000426,NA,60,NA,40,NA,NA,10,80,10,NA,2393,4,4610.374392,CA,Inyo National Forest,9.642358115,alluvium,Conifer,660551:952564,0.24,6.5,660551,STATSGO,Nupart,379343700,2405.08,160.137,36.18738566,-118.1697061,52333.8,0.003059913,15562,0,660.681,Riparian low gradient,0,147644.0848,18657597.85
SEQ0116,rooted frequency,SEQ0116 -Bull Meadow,UCDSNM000322,NA,50,NA,50,NA,NA,NA,100,NA,NA,2452,4,36.76264751,CA,Sequoia National Forest,2.058037885,granodiorite,Riparian,465180:642936,0.32,13,465180,SSURGO,Monache,2106900,2458.31,36.6445,36.17545499,-118.21704,2587.65,0.014161327,21834.6,322.8,8066.26,Riparian low gradient,0,2813.983053,148773.7513
STA0101,rooted frequency,STA0101 -ANDERSON FLAT,UCDSNM008595,NA,NA,NA,60,40,NA,NA,40,60,NA,1039,3,23.77799218,CA,Stanislaus National Forest,2.087458048,granodiorite,Hardwood,465004:642590,0.32,18.5,465004,SSURGO,"Holland family, deep",23237100,1034.3,33.7988,37.73883171,-119.9117991,8091.68,0.00417698,17397.1,0,2772.45,Riparian middle gradient,0,2295.461782,96226.50528
STA0102,rooted frequency,STA0102 -KENNEDY LAKE,UCDSNM011600,NA,50,NA,50,NA,NA,NA,100,NA,NA,2389,3,206.4898441,CA,Stanislaus National Forest,2.841958031,granodiorite,Riparian,464983:642549,0.17,3,464983,SSURGO,"Entic Cryumbrepts, deep",23835600,2390.37,85.3281,38.26736763,-119.666344,8577.2,0.009948252,0,0,2449.02,Riparian middle gradient,0,9209.407918,835638.0945
STA0103,rooted frequency,STA0103 -NIGHTCAP,UCDSNM011600,NA,NA,NA,100,NA,NA,NA,100,NA,NA,2424,3,206.4898441,CA,Stanislaus National Forest,2.841958031,granodiorite,Riparian,464983:642549,0.17,3,464983,SSURGO,"Entic Cryumbrepts, deep",23835600,2390.37,85.3281,38.26736763,-119.666344,8577.2,0.009948252,0,0,2449.02,Riparian middle gradient,0,9209.407918,835638.0945
STA0104,rooted frequency,STA0104 -Indian Springs,UCDSNM009725,NA,NA,NA,60,40,NA,NA,50,50,NA,1251,3,2.99249475,CA,Stanislaus National Forest,1.223796098,argillite,Conifer,465029:642644,0.37,22.5,465029,SSURGO,"Josephine family, deep",291600,1242.27,22.2979,37.91544576,-120.0864087,1059.41,0.02104745,11524.1,100,100,Dry,67.082,477.4088259,12110.24504
STA0105,rooted frequency,STA0105 -Thompson Meadow,UCDSNM010134,NA,80,NA,20,NA,NA,NA,80,20,NA,1371,5,15.11873309,CA,Stanislaus National Forest,1.578266305,granodiorite,Conifer,465002:642588,0.32,18.5,465002,SSURGO,"Holland family, deep",684900,1369.73,30.2289,37.99438103,-120.0946968,2006.1,0.015068476,7579.29,20,813.204,Riparian middle gradient,0,1383.893228,61183.58683
STA0106,rooted frequency,STA0106 -Wolfin Meadow,UCDSNM010206,NA,NA,NA,100,NA,NA,NA,100,NA,NA,1556,3,7.37259679,CA,Stanislaus National Forest,1.457808502,granodiorite,Shrubland,464985:642554,0.37,18.5,464985,SSURGO,"Holland, sandy subsoil family",188100,1553.05,34.2583,38.00801476,-120.0309197,701.543,0.048832766,7035.35,80,1421.27,Subsurface middle gradient,40,892.6380848,29835.96001
STA0107,rooted frequency,STA0107 -Boggy Meadow,UCDSNM010095,NA,NA,NA,100,NA,NA,NA,100,NA,NA,1716,3,5.854655825,CA,Stanislaus National Forest,1.471857928,granodiorite,Riparian,465071:642733,0.37,20,465071,SSURGO,Wintoner family,286200,1713.83,13.8145,37.98980229,-119.962382,1043.97,0.01323266,3983.63,793.095,632.456,NA,0,803.121444,23693.0463
STA0108,rooted frequency,STA0108 -Upper Relief Valley,UCDSNM011455,20,NA,NA,80,NA,NA,20,80,NA,NA,2685,1,78.00646282,CA,Stanislaus National Forest,2.945245306,granodiorite,Conifer,464983:642549,0.17,3,464983,SSURGO,"Entic Cryumbrepts, deep",2526300,2682.74,33.5591,38.22223903,-119.778073,2675.51,0.012543048,0,0,3302.15,Riparian low gradient,0,5866.126815,315682.2178
STA0109,rooted frequency,STA0109 -Hay Meadow,UCDSNM011447,NA,NA,NA,100,NA,NA,10,90,NA,NA,2630,3,49.82831862,CA,Stanislaus National Forest,1.854249444,granodiorite,Conifer,465039:642666,0.32,12,465039,SSURGO,Lithic Cryumbrepts,1448100,2633.97,31.0859,38.22312447,-119.819395,1955.51,0.015896545,2717.08,0,6750.19,Riparian low gradient,0,2951.691559,201648.8578
STA0110,rooted frequency,STA0110 -Fahey Meadow,UCDSNM010395,NA,50,NA,50,NA,NA,NA,50,50,NA,1613,4,22.91544137,CA,Private,1.928254251,andesite,Conifer,465009:642600,0.37,22.5,465009,SSURGO,"Holland family, deep",1235700,1609.18,27.4559,38.04091365,-120.112293,1648.23,0.016657768,3835.75,0,0,NA,0,2081.579964,92735.87202
STA0111,rooted frequency,STA0111 -Sam Williams Spring,UCDSNM010679,NA,40,NA,60,NA,NA,NA,100,NA,NA,1544,4,2.623839868,CA,Stanislaus National Forest,1.340762097,granodiorite,Conifer,465002:642588,0.32,18.5,465002,SSURGO,"Holland family, deep",187200,1549.44,28.4569,38.08778036,-120.1036086,756.396,0.037621691,3521.39,528.394,0,Discharge slope,31.6228,489.7621074,10618.34569
STA0112,rooted frequency,STA0112 -Lower Milk Ranch Spring,UCDSNM010404,NA,NA,NA,100,NA,NA,NA,100,NA,NA,1584,3,1.765672552,CA,Stanislaus National Forest,1.269140527,granodiorite,Conifer,465071:642733,0.37,20,465071,SSURGO,Wintoner family,108900,1587.78,11.3766,38.0453133,-120.0674347,639.411,0.017792304,1958.8,140.357,452.769,Discharge slope,0,380.3027,7145.451888
TAH0101,rooted frequency,TAH0101 -Howard Creek,UCDSNM014934,NA,NA,NA,100,NA,NA,40,60,NA,NA,2113,3,69.27987159,CA,Private,1.901713633,intermediate volcanic rock,Conifer,660629:953719,0.2,11.5,660629,STATSGO,Waca,3105000,2112.58,32.5071,39.67004556,-120.5928428,3646.17,0.0089154,483.735,0,1758.89,Riparian low gradient,0,3569.549319,280366.8147
TAH0102,greenline,TAH0102 -Bear Valley Creek,UCDSNM014857,NA,90,NA,10,NA,NA,NA,50,50,NA,1962,5,185.8246994,CA,Tahoe National Forest,3.153462204,andesite,Conifer,660569:952783,0.24,14,660569,STATSGO,Kyburz,13044600,1968.6,101.916,39.56390671,-120.2227165,5742.27,0.017748366,6072.89,0,0,Riparian middle gradient,0,9694.023101,752008.8861
TAH0104,greenline,TAH0104 -Bear Valley Creek II,UCDSNM014857,NA,100,NA,NA,NA,NA,NA,100,NA,NA,1936,5,185.8246994,CA,Tahoe National Forest,3.153462204,andesite,Conifer,660569:952783,0.24,14,660569,STATSGO,Kyburz,13044600,1968.6,101.916,39.56390671,-120.2227165,5742.27,0.017748366,6072.89,0,0,Riparian middle gradient,0,9694.023101,752008.8861
TAH0106,rooted frequency,TAH0106 -Knuthson Meadow (McPherrin Camp),UCDSNM014966,NA,60,NA,40,NA,NA,NA,80,20,NA,1509,4,247.1639512,CA,Tahoe National Forest,2.261095298,alluvium,Riparian,660742:955190,0,15,660742,STATSGO,Dotta,37607400,1510.14,32.5151,39.69690386,-120.4458177,12358.8,0.002630921,2772.18,0,0,Riparian low gradient,0,8016.340154,1000241.024
TAH0107,greenline,TAH0107 -CARMEN VALLEY,UCDSNM014966,NA,60,NA,40,NA,NA,NA,80,20,NA,1512,4,247.1639512,CA,Tahoe National Forest,2.261095298,alluvium,Riparian,660742:955190,0,15,660742,STATSGO,Dotta,37607400,1510.14,32.5151,39.69690386,-120.4458177,12358.8,0.002630921,2772.18,0,0,Riparian low gradient,0,8016.340154,1000241.024
TAH0110,greenline,TAH0110 -Smithneck Creek,UCDSNM014852,NA,100,NA,NA,NA,NA,10,90,NA,NA,1893,5,117.4697753,CA,Private,3.29437869,andesite,Conifer,660569:952783,0.24,14,660569,STATSGO,Kyburz,25301700,1906.27,67.6879,39.56074409,-120.1513615,8528.01,0.00793713,5970.13,0,40,Riparian low gradient,0,8051.954216,475385.2163
TAH0112,Cross Section,TAH0112 -Trosi Meadow,UCDSNM014840,NA,100,NA,NA,NA,NA,NA,50,50,NA,2222,5,58.12124945,CA,Tahoe National Forest,1.947283288,andesite,Shrubland,660569:952783,0.24,14,660569,STATSGO,Kyburz,1977300,2227.08,46.9143,39.54977944,-120.1976714,2161.25,0.021707031,6312.92,194.165,218.403,Subsurface low gradient,0,3347.813895,235209.2925
TAH0113,Cross Section,TAH0113 -Sardine Valley,UCDSNM014835,NA,60,NA,40,NA,NA,NA,50,50,NA,1857,4,1317.036891,CA,Private,4.010589731,andesite,Shrubland,660560:952650,0.28,15,660560,STATSGO,Martis,66147300,1857.91,205.644,39.51826222,-120.1372893,16423.8,0.01252112,20,1745.68,0,Riparian low gradient,0,32822.5193,5329880.522
TAH0114,rooted frequency,TAH0114 -SHEEP CAMP,UCDSNM014694,NA,60,NA,40,NA,NA,NA,70,30,NA,1762,4,53.94183449,CA,Tahoe National Forest,3.383719161,alluvium,Conifer,660567:952758,0.24,15,660567,STATSGO,Tahoma,5495400,1761.83,15.3003,39.44382276,-120.1519643,4758.31,0.003215493,1478.01,11428.9,1568.95,Riparian low gradient,0,5604.306304,218295.7325
TAH0115,rooted frequency,TAH0115 -COTTONWOOD MEADOW,UCDSNM014834,NA,10,NA,90,NA,NA,NA,100,NA,NA,1866,4,28.93035485,CA,Tahoe National Forest,2.599113044,andesite,Conifer,660567:952758,0.24,15,660567,STATSGO,Tahoma,10293300,1869.05,37.4232,39.53807852,-120.2709475,5666.83,0.0066039,4493.31,0,2636.44,Riparian low gradient,82.4621,3152.584705,117077.4606
TAH0122,rooted frequency,TAH0122 -BARKER MEADOW EAST,UCDSNM014236,NA,50,NA,50,NA,NA,NA,100,NA,NA,2210,4,19.06074613,CA,Private,3.391887098,andesite,Riparian,464807:642217,0.2,6,464807,SSURGO,Tallac,3862800,2211.4,21.8943,39.06745608,-120.2461843,2782.2,0.007869406,1350.7,0,5001.57,Riparian low gradient,0,3339.45829,77136.41145
TAH0123,rooted frequency,TAH0123 -BARKER MEADOW WEST,UCDSNM014209,NA,NA,NA,NA,NA,100,50,50,NA,NA,2193,2,7.353242794,CA,Tahoe National Forest,2.812228663,glacial drift,Conifer,660563:952708,0.2,6,660563,STATSGO,Tallac,76500,2222.11,86.7322,39.05906016,-120.2491904,621.838,0.139477253,912.195,10,4400.92,NA,0,1719.708249,29757.63686
